file,source_url,licence,author,reagent,drug/label,notes
marquis_opium_JackSpades.jpg,https://commons.wikimedia.org/wiki/File:Marquis_Reagent.jpg,CC BY 2.0,Jack Spades,Marquis,opium,Positive Marquis on opium sample; 5616x3744; attribution required
duquenois_hashish_JackSpades.jpg,https://commons.wikimedia.org/wiki/File:Duquenois_Reagent.jpg,CC BY 2.0,Jack Spades,Duquenois-Levine,cannabis (Afghan hashish),Positive D-L; 5616x3744; attribution required
dl_step1_DEA.jpg,https://commons.wikimedia.org/wiki/File:Duquenois_levine_step1.jpg,Public domain,US DEA,Duquenois-Levine,cannabis (step 1 reagent),Step 1 of 3; tube on white paper with caption text
dl_step2_DEA.jpg,https://commons.wikimedia.org/wiki/File:Duquenois_levine_step2.jpg,Public domain,US DEA,Duquenois-Levine,cannabis (step 2 HCl),Step 2 of 3; intermediate colour
dl_step3_DEA.jpg,https://commons.wikimedia.org/wiki/File:Duquenois_levine_step3.jpg,Public domain,US DEA,Duquenois-Levine,cannabis (step 3 chloroform - purple lower layer),Final positive: purple CHCl3 layer (viewed)
ehrlich_lsd_teststrip_WikiLinuz.jpg,https://commons.wikimedia.org/wiki/File:LSD_Ehrlich_reagent_test-strip.jpg,CC BY-SA 4.0,WikiLinuz,Ehrlich,LSD (blotter),Purple positive; share-alike + attribution
ehrlich_lsd_blotter_WikiLinuz.jpg,https://commons.wikimedia.org/wiki/File:LSD_Ehrlich_reagent_test.jpg,CC0,WikiLinuz,Ehrlich,LSD (blotter),Purple positive on blotter
cbp_ecstasy_testkit.jpg,https://commons.wikimedia.org/wiki/File:Drug_test.jpg,Public domain (US CBP),US Customs and Border Protection,ampoule kit (ODV #923 meth/MDMA reagent - likely Marquis-type),MDMA/ecstasy tablets (per caption; not lab-confirmed),Blue/dark reacted ampoule pouches next to tablets; messy scene; low value for calibration
ecuador_field_drug_test.jpg,https://commons.wikimedia.org/wiki/File:Field_drug_test.jpg,Public domain (Ecuador Ministerio de Gobierno),Ministerio de Gobierno Ecuador,unknown field kit,unknown,Rapid drug testing kit photo; 5184x3456; check content before use
reagent_kit_dimple_tile_Cdreue.png,https://commons.wikimedia.org/wiki/File:Reagent_drug_checking_kit.png,CC BY-SA 4.0,Cdreue,12-reagent set on ceramic dimple tile (Mar Me Ma Ei Fr Roba Sim Ehrl Zim Scot Hof + 1),unknown sample (not identified),Multi-reagent panel photo; reagent labels handwritten on tile; unlabeled sample so use only for colour reference/unsupervised
finnish_customs_quick_testers.jpg,https://commons.wikimedia.org/wiki/File:Quick_drug_testers.JPG,Public domain (MKFI),MKFI,museum display of quick test reagents,none,Museum display - no reactions; negative/background example only
